site_no,station_nm,dec_lat_va,dec_long_va,begin_date,end_date
373751122143601,SAN FRANCISCO BAY 2.8 MI N OF SAN MATEO BRIDGE CA,37.63078889,-122.2432,2019-03-19,2020-06-09
11180770,MT EDEN C NR UNION CITY CA,37.6170833,-122.11825,2020-08-25,2021-12-19
380631122032201,GRIZZLY BAY A SUISUN SLOUGH NR AVON CA,38.10853056,-122.0559806,2018-12-20,2021-12-19
381142122015801,FIRST MALLARD BRANCH NR FAIRFIELD CA,38.19489444,-122.0328139,2021-10-13,2021-11-10
11455508,SUISUN BAY A VAN SICKLE ISLAND NR PITTSBURG CA,38.04953056,-121.88755,2018-12-20,2021-12-19
11455485,SACRAMENTO R BL TOLAND LANDING NR RIO VISTA CA,38.0778083,-121.767286,2021-06-16,2021-12-19
11455478,SACRAMENTO R A DECKER ISLAND NR RIO VISTA CA,38.093252,-121.7371772,2018-12-20,2021-12-19
11337190,SAN JOAQUIN R A JERSEY POINT CA,38.0521424,-121.6888428,2018-12-20,2021-12-19
11455315,CACHE SLOUGH A S LIBERTY ISLAND NR RIO VISTA CA,38.2430111,-121.684286,2018-12-20,2021-12-19
381424121405601,PROSPECT SLOUGH NR FIVE POINTS CA,38.23989167,-121.6821556,2019-07-12,2019-09-12
382006121401601,LIBERTY ISLAND A LIBERTY CUT NR COURTLAND CA,38.33500556,-121.6711083,2017-07-24,2017-08-11
11455350,CACHE SLOUGH A RYER ISLAND,38.21277778,-121.6691667,2013-02-01,2017-03-23
11455146,LIBERTY CUT A LITTLE HOLLAND TRACT NR COURTLAND CA,38.32885,-121.6675306,2018-12-20,2019-01-18
11455143,LITTLE HOLLAND TRACT A NORTH BREACH NR COURTLAND C,38.3354111,-121.658186,2017-07-24,2017-08-11
11455385,CACHE SLOUGH AB RYER ISLAND FERRY NR RIO VISTA CA,38.19395556,-121.6580028,2018-12-20,2021-12-19
11455140,TOE DRAIN A LIBERTY ISLAND NR COURTLAND CA,38.34916667,-121.6447222,2018-12-20,2021-12-16
11455142,SACRAMENTO R DEEP WATER SHIP CHANNEL NR COURTLAND,38.34166667,-121.6438889,2018-12-20,2021-12-19
383019121350701,SACRAMENTO R DEEP WATER SHIP CHANNEL NR RIVERVIEW,38.50523056,-121.5851778,2019-07-12,2019-09-12
383114121350601,SACRAMENTO R DEEP WATER SHIP CHANNEL AB PUMPHOUSE,38.52043889,-121.5851333,2019-07-18,2019-08-16
382934121350601,SACRAMENTO R DEEP WATER SHIP CHANNEL NR ARCADE CA,38.492752780000004,-121.5851222,2019-07-18,2019-08-16
11455095,SACRAMENTO R DEEP WATER SHIP CHANNEL NR FREEPORT,38.47686944,-121.5836417,2020-06-24,2021-12-19
11312676,MIDDLE R AT MIDDLE RIVER CA,37.9427017,-121.5341175,2019-07-26,2021-12-19
11447890,SACRAMENTO R AB DELTA CROSS CHANNEL CA,38.25769218,-121.5182865,2018-12-21,2021-12-19
11447650,SACRAMENTO R A FREEPORT CA,38.45601954,-121.5013437,2018-12-20,2021-12-19
11336790,LITTLE POTATO SLOUGH A TERMINOUS CA,38.09638889,-121.496111,2019-08-01,2021-12-19
364200119420003,014S021E17Q002M,36.70963889,-119.709111,2015-11-04,2019-06-04
364200119420001,014S021E17Q001M,36.70952778,-119.709,2014-09-25,2019-06-04
364200119420002,014S021E17P001M,36.7097222,-119.7087222,2015-10-08,2019-06-04
01184000,"CONNECTICUT RIVER AT THOMPSONVILLE, CT",41.9873186,-72.6053669,2020-01-31,2021-12-19
01193050,"CONNECTICUT RIVER AT MIDDLE HADDAM, CT",41.5417656,-72.5531454,2011-11-30,2021-12-19
01194796,"CONNECTICUT RIVER AT OLD LYME, CT",41.3125983,-72.3459166,2019-04-17,2021-12-19
384637075153201,Ng45-02,38.77705556,-75.2588611,2016-03-26,2020-08-12
01648010,"ROCK CREEK AT JOYCE RD WASHINGTON, DC",38.96016667,-77.0420556,2015-11-24,2020-03-17
295323085151700,"IWW WEST OF GULF CO CANAL NEAR PORT ST JOE, FL",29.8897222,-85.2547222,2020-12-16,2021-12-19
295308085143700,"IWW EAST OF GULF CO CANAL NEAR PORT ST JOE, FL",29.88555556,-85.2436111,2020-12-16,2021-11-24
02358795,"JACKSON BLUE SPRING NR MARIANNA, FL",30.79046943,-85.1407611,2017-06-28,2021-12-19
02327000,"WAKULLA SPRING NR CRAWFORDVILLE, FL",30.23492447,-84.30128689,2017-01-27,2021-12-19
02326516,"WACISSA RIVER AT THOMAS SPRING NEAR WACISSA, FL",30.3397222,-83.9923333,2020-11-24,2021-12-19
02326526,WACISSA RIVER NR WACISSA FLA,30.3013159,-83.9796085,2016-02-17,2021-12-19
02319302,"MADISON BLUE SPRING NR BLUE SPRINGS, FL",30.48049106,-83.2443097,2014-07-09,2021-12-19
02319950,"BLUE SPRINGS NEAR DELL,FL",30.126055,-83.2259712,2015-08-11,2021-12-19
02319520,"FALMOUTH SPRING AT FALMOUTH, FL",30.36132999,-83.1351374,2015-09-24,2021-12-19
02320250,TROY SPRING NEAR BRANFORD FLA,30.0060603,-82.997352,2014-07-03,2021-12-19
02323566,MANATEE SPRING NR CHIEFLAND FLA,29.4896808,-82.976791,2014-07-02,2021-12-19
02323502,FANNING SPRINGS NR WILCOX FLA,29.5891247,-82.9331797,2014-07-03,2021-12-19
02322800,SANTA FE RIVER NR HILDRETH FLA,29.91162076,-82.8604033,2012-09-27,2016-09-30
02322700,"ICHETUCKNEE R @ HWY27 NR HILDRETH, FL",29.95273288,-82.7859573,2016-11-15,2021-12-19
02322688,"BLUE HOLE SPRING NR HILDRETH, FL",29.9799552,-82.758457,2014-07-02,2021-10-27
02322400,GINNIE SPRING NR HIGH SPRINGS FLA,29.8360705,-82.7001197,2018-12-13,2021-12-19
02310743,HUNTER SPR RUN AT BEACH LANE AT CRYSTAL RIVER FL,28.89470155,-82.5931566,2017-01-26,2021-10-12
02310678,HOMOSASSA SPRINGS AT HOMOSASSA SPRINGS FL,28.79970509,-82.58871089,2015-09-28,2021-08-16
02310650,CHASSAHOWITZKA RIVER NEAR HOMOSASSA FL,28.71526419,-82.5767656,2015-09-28,2021-03-03
02313100,"RAINBOW RIVER AT DUNNELLON, FL",29.04942056,-82.44759948,2015-10-05,2021-10-19
02313098,"RAINBOW RIVER NEAR DUNNELLON, FL",29.07130556,-82.4266111,2015-10-08,2021-03-03
02239501,"SILVER RIVER NEAR OCALA, FL",29.2149764,-82.0412,2020-09-23,2021-12-19
02292900,"CALOOSAHATCHEE RIVER AT S-79, NR.OLGA, FLA",26.72173487,-81.69313699,2014-12-23,2021-12-19
02234610,"ROCK SPRINGS NEAR APOPKA, FL",28.75582805,-81.4992382,2021-01-12,2021-12-19
02234600,"WEKIWA SPRINGS NEAR APOPKA, FL",28.71221844,-81.45979299,2020-09-30,2021-12-19
02235500,"BLUE SPRINGS NEAR ORANGE CITY, FL",28.944154,-81.3397866,2020-10-01,2021-12-19
02258800,"INDIAN PRAIRIE CANAL AB PUMP STA NR OKEECHOBEE, FL",27.15438056,-81.0699806,2018-12-20,2021-12-19
02289035,"THREE MILE CANAL BELOW G409 NEAR CLEWISTON, FL",26.32719444,-80.8816111,2013-10-01,2021-12-19
02248350,"TURNBULL CREEK NR OAK HILL, FL",28.82106816,-80.8597897,2015-11-25,2016-09-15
02248365,"BIG FLOUNDER CREEK NEAR SCOTTSMOOR, FL",28.7553611,-80.8461111,2016-10-01,2016-10-01
02248600,"DRAINAGE CANAL AT PLAZA PKWY AT COCOA, FL",28.36875277,-80.7372679,2014-07-31,2016-10-01
02249500,"CRANE CREEK AT MELBOURNE, FL",28.07946057,-80.6294983,2014-12-18,2016-09-12
02250030,"TURKEY CREEK AT PALM BAY, FL",28.01724054,-80.59588719,2014-05-30,2016-08-10
02251767,"FELLSMERE CANAL NEAR MICCO, FL",27.83058119,-80.5342203,2015-05-27,2016-10-01
02253000,"MAIN CANAL AT VERO BEACH, FL",27.64780983,-80.405607,2014-09-16,2016-09-30
13095175,BRIGGS SPRING AT HEAD NEAR BUHL ID,42.67388889,-114.8091667,2019-03-12,2021-12-19
13093692,NIAGARA SPRINGS AT DIV NO.2 NR BUHL ID,42.6643497,-114.67476980000001,2021-06-09,2021-10-05
05586300,"ILLINOIS RIVER AT FLORENCE, IL",39.63277778,-90.6077778,2012-06-02,2021-12-19
05446500,"ROCK RIVER NEAR JOSLIN, IL",41.5561111,-90.1852778,2015-06-26,2021-12-19
05447500,"GREEN RIVER NEAR GENESEO, IL",41.48892309,-90.1576186,2015-06-26,2021-12-19
05420400,"MISSISSIPPI RIVER AT DAM 13 NEAR FULTON, IL",41.8944725,-90.156793,2021-11-24,2021-12-19
401913089534501,22N7W-28.5a (IL Tree Nursery),40.3204,-89.8957056,2017-03-08,2020-08-04
05595000,"KASKASKIA RIVER AT NEW ATHENS, IL",38.3197222,-89.8886111,2015-09-22,2021-12-19
05576100,"LICK CREEK NEAR WOODSIDE, IL",39.71553889,-89.7024444,2015-06-13,2018-11-29
05576195,"SUGAR CREEK NEAR CHATHAM, IL",39.659075,-89.6589361,2015-06-13,2018-11-29
05575550,"CLEAR CREEK NEAR JEISYVILLE, IL",39.54638889,-89.435,2014-06-20,2014-12-11
05557500,"EAST BUREAU CREEK NEAR BUREAU, IL",41.3347222,-89.3819444,2012-05-30,2013-07-02
05599490,"BIG MUDDY RIVER AT RTE 127 AT MURPHYSBORO, IL",37.7583333,-89.3277778,2015-10-22,2021-12-19
03612600,"OHIO RIVER AT OLMSTED, IL",37.17921867,-89.058404,2013-04-16,2021-02-22
05579620,"KICKAPOO CREEK TRIBUTARY NEAR BLOOMINGTON, IL",40.47277778,-88.8797222,2010-07-08,2015-07-14
05579630,"KICKAPOO CREEK NEAR BLOOMINGTON, IL",40.4583333,-88.8775,2010-07-10,2015-07-14
05579624,"KICKAPOO CR TRIB NR LONGFIELD RD NR BLOOMINGTON,IL",40.4628611,-88.8771667,2014-04-01,2015-06-25
05579610,"KICKAPOO CREEK AT 2100E ROAD NEAR BLOOMINGTON, IL",40.46777778,-88.86388889,2012-04-11,2015-07-07
05543010,"ILLINOIS RIVER AT SENECA, IL",41.2997222,-88.6141667,2013-07-18,2021-12-19
05554300,"INDIAN CREEK NEAR FAIRBURY, IL",40.72277778,-88.53,2011-09-13,2018-12-20
411955088280601,"HANSON GRAVEL PIT AT CULVERT NEAR MORRIS, IL",41.33305556,-88.4669444,2013-11-20,2015-10-04
03343820,"KICKAPOO CREEK AT 1320E ROAD NR CHARLESTON, IL",39.465,-88.2302778,2013-05-24,2016-10-14
03381495,"LITTLE WABASH RIVER AT MAIN ST AT CARMI, IL",38.09226857,-88.1561487,2015-09-12,2021-12-19
05537980,"DES PLAINES RIVER AT ROUTE 53 AT JOLIET, IL",41.53638889,-88.0825,2017-11-16,2021-12-19
03336890,"SPOON RIVER NEAR ST. JOSEPH, IL",40.16416667,-88.0275,2013-05-25,2021-12-19
03346500,"EMBARRAS RIVER AT LAWRENCEVILLE, IL",38.7236111,-87.6644444,2015-09-11,2021-12-19
03338780,"NORTH FORK VERMILION RIVER NEAR BISMARCK, IL",40.26531416,-87.6427989,2020-09-11,2021-12-19
03339000,"VERMILION RIVER NEAR DANVILLE, IL",40.10087009,-87.5972419,2014-12-19,2021-12-19
03378500,"WABASH RIVER AT NEW HARMONY, IN",38.130879,-87.941419,2019-09-03,2021-12-19
03374100,"WHITE RIVER AT HAZLETON, IN",38.4897695,-87.55002269,2012-05-18,2021-12-19
05518000,"KANKAKEE RIVER AT SHELBY, IN",41.1828134,-87.3403096,2015-12-05,2021-12-19
05524500,"IROQUOIS RIVER NEAR FORESMAN, IN",40.87059306,-87.3066912,2015-03-20,2021-12-19
03340870,"CECIL M. HARDEN LAKE AT FERNDALE, IN",39.717543,-87.0722349,2017-04-19,2017-11-07
03340900,"BIG RACCOON CREEK AT FERNDALE, IN",39.71116667,-87.0712778,2017-01-27,2018-02-15
05517500,"KANKAKEE RIVER AT DUNNS BRIDGE, IN",41.2200392,-86.968356,2016-04-13,2021-12-19
05515500,"KANKAKEE RIVER AT DAVIS, IN",41.38963889,-86.7061667,2013-12-05,2021-12-19
03353420,"SCHOOL BRANCH AT CR750N AT BROWNSBURG, IN",39.8725833,-86.3615278,2015-06-23,2021-12-19
03353415,"SCHOOL BRANCH AT MALONEY ROAD NEAR BROWNSBURG, IN",39.88577778,-86.3554444,2018-02-28,2021-12-19
04182867,"MAUMEE RIVER AT TECUMSEH STREET AT FORT WAYNE, IN",41.08494444,-85.1223333,2014-12-19,2015-12-09
03276000,"EAST FORK WHITEWATER RIVER AT BROOKVILLE, IN",39.43393969,-85.0032932,2017-02-09,2018-03-09
03275990,"BROOKVILLE LAKE AT BROOKVILLE, IN",39.44088406,-85.0027377,2017-03-29,2017-12-27
03275500,"EAST FORK WHITEWATER RIVER AT RICHMOND, IN",39.80671459,-84.907183,2017-11-14,2021-12-19
381704085491802,"AMERICAN DUCHESS @ AMER STEAMBOAT CO, NEW ALBANY",38.2846833,-85.821925,2021-06-07,2021-08-30
381704085941800,"AMERICAN QUEEN @ AMERICAN STEAMBOAT CO, NEW ALBANY",38.2846833,-85.821925,2019-08-02,2020-03-18
06808500,"West Nishnabotna River at Randolph, IA",40.8730547,-95.5802746,2016-03-02,2021-12-19
06603750,"WB Little Sioux Riv abv Silver Lk at Lake Park, IA",43.45869444,-95.3435833,2016-05-05,2017-10-04
06604440,"Little Sioux River at 300th St near Spencer, IA",43.21277778,-95.2391667,2012-06-01,2015-10-01
06817000,"Nodaway River at Clarinda, IA",40.74327778,-95.0141944,2012-05-30,2021-12-19
05482300,"North Raccoon River near Sac City, IA",42.35475,-94.9903333,2008-03-27,2021-12-19
05482500,"North Raccoon River near Jefferson, IA",41.98803907,-94.3769127,2008-04-03,2021-12-19
05483600,"Middle Raccoon River at Panora, IA",41.687209,-94.3710773,2010-05-18,2015-11-10
05484000,"South Raccoon River at Redfield, IA",41.5894324,-94.1513463,2016-03-03,2021-12-19
05480603,"Prairie Creek at Otho, IA (S3)",42.41088889,-94.1413056,2013-06-14,2014-10-02
05484500,"Raccoon River at Van Meter, IA",41.5338779,-93.9499503,2012-03-02,2021-12-19
05481000,"Boone River near Webster City, IA",42.43247506,-93.8057762,2012-03-15,2019-11-04
05480986,"Lyons Creek near Webster City, IA (L3)",42.49325,-93.7668056,2013-04-27,2013-08-20
05482000,"Des Moines River at 2nd Avenue at Des Moines, IA",41.61248906,-93.6210513,2013-09-24,2021-12-19
05451210,"South Fork Iowa River NE of New Providence, IA",42.3150833,-93.1520556,2010-07-30,2011-11-28
05464420,"Cedar River at Blairs Ferry Road at Palo, IA",42.06916346,-91.7851803,2012-10-14,2021-12-16
05464475,"Morgan Creek near Covington, IA",41.98941597,-91.7595985,2019-04-16,2021-12-19
05464500,"Cedar River at Cedar Rapids, IA",41.97194549,-91.667123900000007,2009-04-14,2012-10-01
05455100,"Old Mans Creek near Iowa City, IA",41.60640518,-91.61572419,2012-05-18,2015-10-30
05412500,"Turkey River at Garber, IA",42.7399884,-91.261799,2012-05-09,2021-12-02
05465500,"Iowa River at Wapello, IA",41.1780861,-91.1820939,2009-06-03,2021-12-19
05418110,"NF Maquoketa River below Bear Cr at Dyersville, IA",42.4703333,-91.1245556,2012-05-16,2014-11-12
05418400,"North Fork Maquoketa River near Fulton, IA",42.1643333,-90.7293333,2012-05-25,2014-11-12
05418400,"North Fork Maquoketa River near Fulton, IA",42.1643333,-90.7293333,2013-05-30,2013-06-15
05418400,"North Fork Maquoketa River near Fulton, IA",42.1643333,-90.7293333,2012-05-25,2014-11-12
05418400,"North Fork Maquoketa River near Fulton, IA",42.1643333,-90.7293333,2013-05-30,2013-06-15
05418400,"North Fork Maquoketa River near Fulton, IA",42.1643333,-90.7293333,2012-05-25,2014-11-12
05418400,"North Fork Maquoketa River near Fulton, IA",42.1643333,-90.7293333,2013-05-30,2013-06-15
05418400,"North Fork Maquoketa River near Fulton, IA",42.1643333,-90.7293333,2012-05-25,2014-11-12
05418400,"North Fork Maquoketa River near Fulton, IA",42.1643333,-90.7293333,2013-05-30,2013-06-15
05418720,"Maquoketa River near Green Island, IA",42.1638611,-90.3350833,2014-05-23,2018-10-23
05420500,"Mississippi River at Clinton, IA",41.78058635,-90.252073,2015-03-28,2021-11-28
05420500,"Mississippi River at Clinton, IA",41.78058635,-90.252073,2017-03-07,2021-08-02
05420500,"Mississippi River at Clinton, IA",41.78058635,-90.252073,2015-03-28,2021-11-28
05420500,"Mississippi River at Clinton, IA",41.78058635,-90.252073,2017-03-07,2021-08-02
05420500,"Mississippi River at Clinton, IA",41.78058635,-90.252073,2015-03-28,2021-11-28
05420500,"Mississippi River at Clinton, IA",41.78058635,-90.252073,2017-03-07,2021-08-02
05420500,"Mississippi River at Clinton, IA",41.78058635,-90.252073,2015-03-28,2021-11-28
05420500,"Mississippi River at Clinton, IA",41.78058635,-90.252073,2017-03-07,2021-08-02
07144780,"NF NINNESCAH R AB CHENEY RE, KS",37.8621972,-98.0137806,2015-11-20,2018-10-12
07144790,"CHENEY RE NR CHENEY, KS",37.72612305,-97.7942177,2013-09-13,2015-06-11
07143672,"L ARKANSAS R AT HWY 50 NR HALSTEAD, KS",38.02853056,-97.5405417,2017-02-07,2021-12-19
375350097262800,"L ARKANSAS R UPSTREAM OF ASR FAC NR SEDGWICK, KS",37.89713889,-97.4411111,2016-03-24,2021-12-19
07144100,"L ARKANSAS R NR SEDGWICK, KS",37.88306739,-97.4244864,2012-03-02,2021-12-19
06892350,"KANSAS R AT DESOTO, KS",38.9833375,-94.9646893,2013-06-09,2021-12-19
06892513,"MILL C AT JOHNSON DRIVE, SHAWNEE, KS",39.02916667,-94.8172222,2015-01-01,2019-01-13
03321500,"GREEN RIVER AT LOCK 1 AT SPOTTSVILLE, KY",37.8583774,-87.4097294,2013-08-09,2021-12-19
03311000,"NOLIN RIVER AT KYROCK, KY",37.2742157,-86.2508064,2016-04-15,2017-12-27
03302060,"SALT RIVER AT MOUTH AT WEST POINT, KY",38.0011831,-85.9421857,2021-08-13,2021-12-19
03123499,"BRADLEY CREEK AT LOUISVILLE, KY",38.2150706,-85.7480176,2019-08-02,2020-03-18
03290500,"KENTUCKY RIVER AT LOCK 2 AT LOCKPORT, KY",38.43895654,-84.9632844,2018-10-11,2021-12-19
03254520,"LICKING RIVER AT HWY 536 NEAR ALEXANDRIA, KY",38.9203417,-84.44799549,2014-06-05,2021-12-06
07381600,"Lower Atchafalaya River at Morgan City, LA",29.69281939,-91.2119368,2014-12-17,2021-12-19
07374000,"Mississippi River at Baton Rouge, LA",30.44566667,-91.1915556,2011-11-09,2021-12-19
300138090064700,"New Canal Lighthouse at New Orleans, LA",30.02716667,-90.1131667,2020-11-25,2021-08-27
01646500,"POTOMAC RIVER NEAR WASH, DC LITTLE FALLS PUMP STA",38.94977778,-77.12763889,2011-12-03,2019-06-11
01646500,"POTOMAC RIVER NEAR WASH, DC LITTLE FALLS PUMP STA",38.94977778,-77.12763889,2019-07-24,2021-12-19
01646500,"POTOMAC RIVER NEAR WASH, DC LITTLE FALLS PUMP STA",38.94977778,-77.12763889,2011-12-03,2019-06-11
01646500,"POTOMAC RIVER NEAR WASH, DC LITTLE FALLS PUMP STA",38.94977778,-77.12763889,2019-07-24,2021-12-19
01646500,"POTOMAC RIVER NEAR WASH, DC LITTLE FALLS PUMP STA",38.94977778,-77.12763889,2011-12-03,2019-06-11
01646500,"POTOMAC RIVER NEAR WASH, DC LITTLE FALLS PUMP STA",38.94977778,-77.12763889,2019-07-24,2021-12-19
01646500,"POTOMAC RIVER NEAR WASH, DC LITTLE FALLS PUMP STA",38.94977778,-77.12763889,2011-12-03,2019-06-11
01646500,"POTOMAC RIVER NEAR WASH, DC LITTLE FALLS PUMP STA",38.94977778,-77.12763889,2019-07-24,2021-12-19
01589485,"JONES FALLS AT MOUTH AT BALTIMORE, MD",39.2841111,-76.60363889,2017-02-15,2018-10-09
01579550,"SUSQUEHANNA RIVER NEAR DARLINGTON, MD",39.62605556,-76.15775,2014-08-22,2021-12-19
01579550,"SUSQUEHANNA RIVER NEAR DARLINGTON, MD",39.62605556,-76.15775,2019-10-31,2021-09-08
01579550,"SUSQUEHANNA RIVER NEAR DARLINGTON, MD",39.62605556,-76.15775,2014-08-22,2021-12-19
01579550,"SUSQUEHANNA RIVER NEAR DARLINGTON, MD",39.62605556,-76.15775,2019-10-31,2021-09-08
01579550,"SUSQUEHANNA RIVER NEAR DARLINGTON, MD",39.62605556,-76.15775,2014-08-22,2021-12-19
01579550,"SUSQUEHANNA RIVER NEAR DARLINGTON, MD",39.62605556,-76.15775,2019-10-31,2021-09-08
01579550,"SUSQUEHANNA RIVER NEAR DARLINGTON, MD",39.62605556,-76.15775,2014-08-22,2021-12-19
01579550,"SUSQUEHANNA RIVER NEAR DARLINGTON, MD",39.62605556,-76.15775,2019-10-31,2021-09-08
01493112,"CHESTERVILLE BRANCH NEAR CRUMPTON, MD",39.25705556,-75.94013889,2012-07-03,2019-11-04
01161280,"CONNECTICUT RIVER NEAR NORTHFIELD, MA",42.6833333,-72.4719444,2020-06-22,2021-12-19
0110588332,"MARSTONS MILLS RV, DS OUT. OF BOG, MARS. MILLS, MA",41.66654167,-70.4236972,2021-09-15,2021-12-19
04166500,"RIVER ROUGE AT DETROIT, MI",42.3730923,-83.2546513,2021-05-26,2021-12-19
04168400,"LOWER RIVER ROUGE AT DEARBORN, MI",42.30837099,-83.2527063,2021-05-27,2021-12-14
04165500,"CLINTON RIVER AT MORAVIAN DRIVE AT MT. CLEMENS, MI",42.5958674,-82.90881,2021-05-26,2021-12-19
05457000,"CEDAR RIVER NEAR AUSTIN, MN",43.63718529,-92.9746369,2018-03-01,2019-11-13
05374900,"ZUMBRO RIVER AT KELLOGG, MN",44.31191029,-92.0040541,2019-09-30,2020-10-21
07289000,"MISSISSIPPI RIVER AT VICKSBURG, MS",32.315,-90.9058333,2013-12-18,2021-10-21
06818000,"Missouri River at St. Joseph, MO",39.75325,-94.8568333,2021-12-09,2021-12-19
06900050,"Medicine Creek near Laredo, MO",40.0266111,-93.4362222,2020-08-11,2021-10-21
06899900,"Medicine Creek at Lucerne, MO",40.45444444,-93.2863889,2020-08-11,2021-12-08
06902000,"Grand River near Sumner, MO",39.64002778,-93.2736944,2017-06-28,2018-10-07
06901500,"Locust Creek near Linneus, MO",39.89594444,-93.2365278,2020-08-12,2021-11-18
06934500,"Missouri River at Hermann, MO",38.70980556,-91.4385,2015-03-25,2021-12-19
07020850,"Mississippi River at Cape Girardeau, MO",37.30188889,-89.518,2014-04-17,2021-12-19
01463500,Delaware River at Trenton NJ,40.22166667,-74.7780556,2018-01-11,2021-05-17
01389005,Passaic River below Pompton Riv at Two Bridges NJ,40.89638889,-74.2691667,2009-07-29,2021-12-19
01389005,Passaic River below Pompton Riv at Two Bridges NJ,40.89638889,-74.2691667,2009-07-29,2021-12-19
01389005,Passaic River below Pompton Riv at Two Bridges NJ,40.89638889,-74.2691667,2009-07-29,2021-12-19
01389005,Passaic River below Pompton Riv at Two Bridges NJ,40.89638889,-74.2691667,2009-07-29,2021-12-19
01389005,Passaic River below Pompton Riv at Two Bridges NJ,40.89638889,-74.2691667,2009-07-29,2021-12-19
01389005,Passaic River below Pompton Riv at Two Bridges NJ,40.89638889,-74.2691667,2009-07-29,2021-12-19
01389005,Passaic River below Pompton Riv at Two Bridges NJ,40.89638889,-74.2691667,2009-07-29,2021-12-19
01389005,Passaic River below Pompton Riv at Two Bridges NJ,40.89638889,-74.2691667,2009-07-29,2021-12-19
01408500,Toms River near Toms River NJ,39.98638889,-74.2233333,2012-07-11,2014-09-30
425027076564401,SENECA LAKE PLATFORM,42.84080556,-76.9455833,2019-05-24,2020-10-20
425327076313601,OWASCO LAKE PLATFORM,42.89088889,-76.52675,2019-05-14,2020-10-22
04183500,Maumee River at Antwerp OH,41.19893889,-84.7444033,2018-02-06,2021-10-12
03216070,"OHIO RIVER AT IRONTON, OH",38.53205556,-82.6859444,2015-09-02,2021-12-19
01573660,"Fishing Creek at Goldsboro, PA",40.1533333,-76.7555556,2020-03-03,2021-12-19
01574000,"West Conewago Creek near Manchester, PA",40.0809008,-76.7180813,2020-06-25,2021-12-19
01575598,"Codorus Creek near Saginaw, PA",40.0522222,-76.6544444,2020-05-01,2021-12-19
01576007,"Kreutz Creek at Strickler, PA",40.01416667,-76.5480556,2020-05-12,2021-12-19
01575900,"Chiques Creek near Marietta, PA",40.0628745,-76.5155214,2021-03-04,2021-12-19
01576045,"Fishing Creek at Craley, PA",39.94194444,-76.50027778,2020-02-05,2021-12-19
01577500,"Muddy Creek at Castle Fin, PA",39.77260378,-76.3157919,2020-06-15,2021-12-19
01477050,DELAWARE RIVER AT CHESTER PA,39.83677934,-75.36630199,2019-04-01,2020-11-02
01467200,"Delaware River at Penn's Landing, Philadelphia, PA",39.95400165,-75.1373987,2020-07-24,2021-12-19
06476000,"JAMES R AT HURON,SD",44.36359475,-98.199257,2021-04-02,2021-11-03
06478513,JAMES RIVER NR YANKTON SD,42.9958297,-97.3697806,2019-04-29,2021-12-19
06481000,"BIG SIOUX R NEAR DELL RAPIDS,SD",43.79044595,-96.7456623,2017-04-06,2021-12-19
351111089512501,SH:Q-094,35.18652778,-89.8568056,2014-05-02,2019-02-23
03432800,HARPETH RIVER AT MORAN RD BELOW FRANKLIN TN,36.0172222,-86.8997222,2014-09-19,2014-10-10
08195000,"Frio Rv at Concan, TX",29.48856496,-99.7047756,2015-09-24,2020-07-27
292618099165901,TD-69-38-601 (Seco Creek Well),29.43856519,-99.2833738,2014-06-03,2018-12-19
293405098394201,AY-68-27-609 (Western Oak),29.56805556,-98.6616667,2017-12-15,2021-12-19
293252098380801,AY-68-27-610 (Parkwood Park),29.54777778,-98.6355556,2014-09-05,2021-12-19
293516098325501,AY-68-28-211 (Shavano Park at Fawn Drive),29.58777778,-98.5486111,2017-07-19,2021-12-19
293559098284801,AY-68-29-112 (Donella),29.5997222,-98.48,2018-12-21,2021-12-19
293746098265401,AY-68-21-806 (Encino Rio),29.62944444,-98.4483333,2017-10-12,2020-10-26
08181800,"San Antonio Rv nr Elmendorf, TX",29.2221853,-98.3558463,2019-04-15,2021-12-19
08155500,"Barton Spgs at Austin, TX",30.26354169,-97.7713947,2020-01-23,2021-09-29
08188500,"San Antonio Rv at Goliad, TX",28.6492861,-97.3848583,2019-04-03,2021-12-15
01632900,"SMITH CREEK NEAR NEW MARKET, VA",38.69345016,-78.6427935,2012-03-22,2021-12-19
02035000,"JAMES RIVER AT CARTERSVILLE, VA",37.67097957,-78.0858328,2014-07-30,2021-12-19
0167300055,"MECHUMPS CREEK AT HILL CARTER PKWY AT ASHLAND, VA",37.75669444,-77.463,2020-08-25,2021-12-19
0164578734,"SNAKEDEN BRANCH ABOVE LAKE AUDUBON AT RESTON, VA",38.9296611,-77.34113889,2021-03-11,2021-12-19
01645762,"S F LITTLE DIFFICULT RUN ABOVE MOUTH NR VIENNA, VA",38.90888916,-77.3382627,2016-10-26,2021-12-19
01673000,"PAMUNKEY RIVER NEAR HANOVER, VA",37.76764189,-77.332201800000007,2016-09-15,2021-12-19
0164579522,"THE GLADE NEAR HOWLAND DRIVE AT RESTON, VA",38.9256,-77.32933889,2021-02-25,2021-12-19
01646000,"DIFFICULT RUN NEAR GREAT FALLS, VA",38.97594346,-77.24581439,2012-10-19,2021-12-19
01654000,"ACCOTINK CREEK NEAR ANNANDALE, VA",38.81289066,-77.2283158,2015-10-08,2021-12-19
02042222,"JAMES RIVER ABV WEYANOKE POINT NR CHARLES CITY, VA",37.2923611,-77.0787222,2014-08-15,2017-10-11
12213100,"NOOKSACK RIVER AT FERNDALE, WA",48.84483249,-122.5893389,2019-03-28,2021-12-19
12212050,"FISHTRAP CREEK AT FRONT STREET AT LYNDEN, WA",48.9387257,-122.4790532,2018-12-20,2021-11-08
12212050,"FISHTRAP CREEK AT FRONT STREET AT LYNDEN, WA",48.9387257,-122.4790532,2018-12-20,2019-04-04
12212050,"FISHTRAP CREEK AT FRONT STREET AT LYNDEN, WA",48.9387257,-122.4790532,2018-12-20,2021-11-08
12212050,"FISHTRAP CREEK AT FRONT STREET AT LYNDEN, WA",48.9387257,-122.4790532,2018-12-20,2019-04-04
12212050,"FISHTRAP CREEK AT FRONT STREET AT LYNDEN, WA",48.9387257,-122.4790532,2018-12-20,2021-11-08
12212050,"FISHTRAP CREEK AT FRONT STREET AT LYNDEN, WA",48.9387257,-122.4790532,2018-12-20,2019-04-04
12212050,"FISHTRAP CREEK AT FRONT STREET AT LYNDEN, WA",48.9387257,-122.4790532,2018-12-20,2021-11-08
12212050,"FISHTRAP CREEK AT FRONT STREET AT LYNDEN, WA",48.9387257,-122.4790532,2018-12-20,2019-04-04
12211390,"KAMM CREEK AT KAMM ROAD NEAR LYNDEN, WA",48.95650587,-122.4023826,2019-10-07,2021-12-19
12510500,"YAKIMA RIVER AT KIONA, WA",46.25346748,-119.4780794,2018-06-26,2021-12-15
12473503,"SCBID WB 5 WASTEWAY NEAR MOUTH NEAR RINGOLD,WA",46.5365222,-119.2800694,2019-04-29,2021-10-29
443320089212304,PT-24/09E/13-1573,44.55566667,-89.3563333,2016-02-01,2019-05-14
443320089212303,PT-24/09E/13-1447,44.555675,-89.3563306,2016-01-08,2019-05-14
04080798,"TOMORROW RIVER NEAR NELSONVILLE, WI",44.5244444,-89.3377778,2014-09-10,2017-10-12
04081000,"WAUPACA RIVER NEAR WAUPACA, WI",44.32916667,-88.9958333,2014-10-03,2017-10-03
04067958,"PESHTIGO RIVER NEAR WABENO, WI",45.38774406,-88.3051099,2014-12-23,2015-10-01
04072150,"DUCK CREEK NEAR HOWARD, WI",44.53338889,-88.1296944,2014-10-01,2016-10-04
444049087424303,"GLRI BIOREACTOR OUTLET NR DUVALL, WI",44.68027778,-87.7119444,2020-01-30,2021-08-31
444049087424302,"GLRI BIOREACTOR INLET NR DUVALL,WI",44.68027778,-87.7119444,2020-01-30,2021-10-12
